isrc,title,artist
GBARL1900429,FIND U AGAIN,MARK RONSON FT CAMILA CABELLO
GB2DY2000067,RAIN,AITCH/AJ TRACEY/TAY KEITH
GBARL1900043,BALLY,SWARMZ FT TION WAYNE
USUG12207230,CALIFORNIA BREEZE,LIL BABY
USRC12203886,NEVER GONNA NOT DANCE AGAIN,PINK
GBARL1900839,TASTE (MAKE IT SHAKE),AITCH
GBAHS2201156,SUMMER IS OVER,KSI
USSM12105975,I DRINK WINE,ADELE
GBBKS1800047,I SEE YOU SHINING,NINES
GBAYE7400041,LONELY THIS CHRISTMAS,MUD
ZZOPM2118744,KHABIB,CENTRAL CEE
USSM12206234,BREAK MY SOUL,BEYONCE
UK4ZF2100069,BED,JOEL CORRY/RAYE/DAVID GUETTA
USSM11910404,LIGHTS UP,HARRY STYLES
QMCE31902405,HOT GIRL SUMMER,MEGAN THEE STALLION/MINAJ
GBARL2000759,B1LLIONZ,M1LLIONZ
USUG12201963,KISS ME,DERMOT KENNEDY
GB2DY2100815,FUNNY BUNNY NAILS,D-BLOCK EUROPE
GB1101901296,BETTER HALF OF ME,TOM WALKER
GBUM72103283,OLIVER TWIST,ARRDEE
USQX91903738,MIDNIGHT (THE HANGING TREE),HOSH & 1979 FT JALJA
ZZOPM2104432,DIDN'T KNOW,TOM ZANETTI
USSM12200615,MATILDA,HARRY STYLES
GBAHS2100816,SHIVERS,ED SHEERAN
GBUM71706433,BAD VIBE,M O/LOTTO BOYZZ/MR EAZI
USUM71920452,SELAH,KANYE WEST
USAT21903300,NO IDEA,DON TOLIVER
USUG11901267,ME,TAYLOR SWIFT FT BRENDON URIE
GB2DY2000299,FREE 22,D-BLOCK EUROPE
USWD12112915,WE DON'T TALK ABOUT BRUNO,GAITAN/CASTILLO/ADASSA/FELIZ
GB1302201162,DELILAH (PULL ME OUT OF THIS),FRED AGAIN
USUM71915730,HOLLYWOOD'S BLEEDING,POST MALONE
USUG12104402,FAIR TRADE,DRAKE FT TRAVIS SCOTT
USUG12208615,MAJOR DISTRIBUTION,DRAKE & 21 SAVAGE
GBUM72201110,BABY,AITCH/ASHANTI
USUMV2202922,REAL SPILL,LIL BABY
USUMV2201747,FALLING BACK,DRAKE
USUG12301406,ALL OF THE GIRLS YOU LOVED BEFORE,TAYLOR SWIFT
USUG12205721,SNOW ON THE BEACH,TAYLOR SWIFT FT LANA DEL REY
ZZOPM2002677,ON DECK,ABRA CADABRA
USRC11901655,MOTIVATION,NORMANI
GBHMU2000062,SWEET MELODY,LITTLE MIX
GBUM71900909,WHAT I LIKE ABOUT YOU,JONAS BLUE FT THERESA REX
GBAHS2001086,THIS CHRISTMAS,JESS GLYNNE
USUG12208791,CREEPIN',METRO BOOMIN/WEEKND/21 SAVAGE
GBUM71801867,WHEN I KISSED THE TEACHER,JAMES/KEENAN WYNN/DAVIES/IMRIE
GBAHS1800322,I'LL BE THERE,JESS GLYNNE
GBUM71905291,G LOVE,KREPT & KONAN/WIZKID
GBAKX2000012,CANCELLED,SLOWTHAI FT SKEPTA
USA2P2212455,YET TO COME,BTS
QMJMT2204480,LIFT ME UP,RIHANNA
UKWLG2100072,IF YOU REALLY LOVE ME (HOW WILL I KNOW),DAVID GUETTA/MISTAJAM/NEWMAN
GBAHS2201004,NOT OVER YET,KSI FT TOM GRENNAN
USUG12002836,CARDIGAN,TAYLOR SWIFT
GBUM71901153,MR SHEEEN,RUSS SPLASH/DIGGA D
USRC12101532,WOMAN,DOJA CAT
USAT21801174,HIGH HOPES,PANIC AT THE DISCO
GBARL2000986,OVER NOW,CALVIN HARRIS & WEEKND
GBAHS2200261,21 REASONS,NATHAN DAWE FT ELLA HENDERSON
USAT21600856,GOOD AS HELL,LIZZO
USUM72003024,I LOVE ME,DEMI LOVATO
UK4ZF2100524,OUT OUT,JOEL CORRY/JAX JONES/XCX
USUM71710835,PARANOID,POST MALONE
USUG11901473,LOVER,TAYLOR SWIFT
GBUM71900660,BETTER MAN,WESTLIFE
QZJ842000983,MISS THE RAGE,TRIPPIE REDD FT PLAYBOI CARTI
CYA111900301,GOD IS A DANCER,TIESTO & MABEL
GB1102200463,GREEN GREEN GRASS,GEORGE EZRA
USQX91803314,LOST IN THE FIRE,GESAFFELSTEIN FT WEEKND
GBAHS1901479,LESSONS,STORMZY
UKQNW2000003,WEST TEN,AJ TRACEY & MABEL
GBUM71902381,HOW DO YOU SLEEP,SAM SMITH
GB7TP1900216,OPP THOT,POUNDZ
USUM72013343,WHAT YOU KNOW BOUT LOVE,POP SMOKE
USUM72105935,NDA,BILLIE EILISH
QMJMT1801608,PHOTOGRAPH,J COLE
USUG11801809,DRIP TOO HARD,LIL BABY & GUNNA
USSM12105360,INDUSTRY BABY,LIL NAS X & JACK HARLOW
UK4ZF2000305,HEAD & HEART,JOEL CORRY FT MNEK
USSM12105970,EASY ON ME,ADELE
KRA401900005,KILL THIS LOVE,BLACKPINK
USUM71106449,BLOODY MARY,LADY GAGA
GBCEN2000044,SECRETS,REGARD & RAYE
QZNMX2257577,PAINTING PICTURES,SUPERSTAR PRIDE
USUG12000657,IN YOUR EYES,WEEKND
USSM12101640,RAPSTAR,POLO G
USUG12101248,JEALOUSY JEALOUSY,OLIVIA RODRIGO
USSM12002247,PARTY GIRL,STAYSOLIDROCKY
UKQNW2000001,DINNER GUEST,AJ TRACEY FT MOSTACK
QMCE32000105,SAVAGE,MEGAN THEE STALLION
USSM12212226,CAN'T TAME HER,ZARA LARSSON
QMEU31894160,FEFE,6IX9INE/MINAJ/MURDA BEATZ
USUG11901472,CRUEL SUMMER,TAYLOR SWIFT
USRV82201712,SHIRT,SZA
GBAHS2201158,LET'S GO,TION WAYNE FT AITCH
GB1302000922,THIS CHRISTMAS,JESS GLYNNE
QZFYX2083092,SKECHERS,DRIPREPORT
GBARL1701376,HOLD MY GIRL,GEORGE EZRA
USMC14750470,WHITE CHRISTMAS,BING CROSBY
GBAYE2100544,HIGHER POWER,COLDPLAY
GBAHT1800505,KISS AND MAKE UP,DUA LIPA & BLACKPINK
QMRSZ2101354,HOLIDAY,KSI
GBUM72200940,NIGHT AWAY (DANCE),A1 & J1/TION WAYNE
USRC11903460,STREETS,DOJA CAT
GBUM72000433,HEAT WAVES,GLASS ANIMALS
USAT21813044,JUICE,LIZZO
USUM72013327,HURRICANE,KANYE WEST
GB2DY2000329,WOI,DIGGA D
GBUM72208606,PRETTY BOYS,CAITY BASER
GBAHS2200651,IFTK,TION WAYNE & LA ROUX
GBARL1900476,MOTOROLA,DA BEATFREAKZ/SWARMZ/DENO
USA2P2031043,WHOOPTY,CJ
GBHMU1800051,WOMAN LIKE ME,LITTLE MIX FT NICKI MINAJ
GBKPL2280163,CEILINGS,LIZZY MCALPINE
GB2DY2100498,KEVIN MCCALLISTER,D-BLOCK EUROPE/LIL PINO
GBUM72103544,REMEMBER,BECKY HILL & DAVID GUETTA
GBAHS1901257,FLOWERS,NATHAN DAWE FT JAYKAE
USUM71813195,ALWAYS REMEMBER US THIS WAY,LADY GAGA
USAT21906978,THE BOX,RODDY RICCH
USUM71911283,SENORITA,SHAWN MENDES/CAMILA CABELLO
GBCEN2100080,YOU FOR ME,SIGALA & RITA ORA
USAT22204903,FOR MY HAND,BURNA BOY FT ED SHEERAN
GBARL2201628,STAY WITH ME,HARRIS/TIMBERLAKE/HALSEY
USCM51800206,IN MY FEELINGS,DRAKE
UK6KW1800063,WE BUILT THIS CITY,LADBABY
USAT22104506,RUMORS,LIZZO FT CARDI B
GB7TP1700091,VROOM,YXNG BANE
USUM72004304,RAIN ON ME,LADY GAGA & ARIANA GRANDE
GBHMU1800034,ONLY YOU,CHEAT CODES & LITTLE MIX
GBJX32163033,TELL ME SOMETHING GOOD,EWAN MCVICAR
USUG12002091,LIFE'S A MESS,JUICE WRLD & HALSEY
UKRL31800005,GUN LEAN,RUSS
ZZOPM2106558,LITTLE BIT OF THIS,CENTRAL CEE
USUM71915731,TAKE WHAT YOU WANT,POST MALONE/OSBOURNE/SCOTT
USUM71416339,SANTA TELL ME,ARIANA GRANDE
GBUM71806109,POLAROID,JONAS BLUE/LIAM PAYNE/LENNON
GB2DY2000532,5AM,M HUNCHO & NAFE SMALLZ
USUM72007941,ROCKSTAR,DABABY FT RODDY RICCH
GBUM71804352,LONGSHOT,CATFISH & THE BOTTLEMEN
GB1101801365,I WANT YOU TO FREAK,RAK-SU
QZJRC1945204,ILY (I LOVE YOU BABY),SURF MESA FT EMILEE
USUM71819361,THANK U NEXT,ARIANA GRANDE
QM4TW2182337,UK HUN,UNITED KINGDOLLS
GBHMU2000063,CONFETTI,LITTLE MIX
USSM22101801,I GUESS I'M IN LOVE,CLINTON KANE
USQ4E2204040,PEACHES,JACK BLACK
USUM72120301,ENEMY,IMAGINE DRAGONS/JID/LEAGUE OF
SEBGA2000676,WHAT'S LOVE GOT TO DO WITH IT,KYGO & TINA TURNER
USUV72202087,HOLD MY HAND,LADY GAGA
GBAHS2101279,I WISH,JOEL CORRY FT MABEL
GBUM72005576,REGARDLESS,RAYE & RUDIMENTAL
USUM71918343,YOU SHOULD BE SAD,HALSEY
GB1302000010,STILL DISAPPOINTED,STORMZY
ZZOPM2004171,6 FOR 6,CENTRAL CEE
USUM72014954,FORGET ME TOO,MACHINE GUN KELLY
QZ22B1859046,IN MY MIND,DYNORO & GIGI D'AGOSTINO
USSM12203462,THOUSAND MILES,KID LAROI
UK3EM2000025,FOUR NOTES - PAUL'S TUNE,PAUL HARVEY & BBC PHILHARMONIC
USUV72006721,POSITIONS,ARIANA GRANDE
USRC11803180,BETTER,KHALID
USUG12101253,GOOD 4 U,OLIVIA RODRIGO
TCAEQ2083509,SHUT UP MY MOMS CALLING,HOTEL UGLY
GBCEL1800169,FOUR OUT OF FIVE,ARCTIC MONKEYS
USUM72013367,THE WOO,POP SMOKE/50 CENT/RODDY RICCH
UK6KW2100809,SAUSAGE ROLLS FOR EVERYONE,LADBABY FT SHEERAN/ELTON JOHN
USRC11801773,THIS IS AMERICA,CHILDISH GAMBINO
GBAHT1900332,SHOCKWAVE,LIAM GALLAGHER
USRC12100544,YOU RIGHT,DOJA CAT & WEEKND
GBBBM8400019,LAST CHRISTMAS,WHAM
USUM71800463,THE MIDDLE,ZEDD/MAREN MORRIS/GREY
GBK3W1901072,ME & YOU TOGETHER SONG,1975
GBARL1801571,NOTHING BREAKS LIKE A HEART,MARK RONSON FT MILEY CYRUS
GBUM72205967,MEL MADE ME DO IT,STORMZY
GBARL2202424,HERE,TOM GRENNAN
USQX92003025,MOOD,24KGOLDN FT IANN DIOR
USSM12104773,DON'T GO YET,CAMILA CABELLO
USSM12300154,RIVER,MILEY CYRUS
GBAYE2000504,BURNING,GRM DAILY/M HUNCHO/DUTCHAVELLI
GBARL2000845,ONLY YOU FREESTYLE,HEADIE ONE & DRAKE
USUG12204898,JIMMY COOKS,DRAKE FT 21 SAVAGE
USAT21811523,ZEZE,KODAK BLACK/SCOTT/OFFSET
GBARL2300300,MIRACLE,CALVIN HARRIS/ELLIE GOULDING
USUM72001323,FOREVER,JUSTIN BIEBER/MALONE/CLEVER
GBAHS2001193,AFTERGLOW,ED SHEERAN
QZES62254244,10 THINGS I HATE ABOUT YOU,LEAH KATE
GBAHT2200492,AFRAID TO FEEL,LF SYSTEM
USRC12204584,KILL BILL,SZA
GBUM72204532,THIS IS WHAT I MEAN,STORMZY
USUM71813347,THE RINGER,EMINEM
GBAHS1800640,BABY,CLEAN BANDIT/MARINA/LUIS FONSI
GBAHS1800328,SOLO,CLEAN BANDIT FT DEMI LOVATO
GBUM72000031,BOYFRIEND,MABEL
SE5R71900203,HEAVEN,AVICII
GBUM71902928,HARDER,JAX JONES & BEBE REXHA
DEUM71806295,GRACE,LEWIS CAPALDI
GB2DY1801005,AIRFORCE,DIGDAT FT KREPT & KONAN/K-TRAP
USUV71803661,SUNFLOWER,POST MALONE FT SWAE LEE
GBUM72108072,THE CHRISTMAS SONG,OLIVIA DEAN
GB5KW2104422,USED TO THIS,WILKINSON & ISSEY CROSS
GBBBM9602007,3 LIONS,BADDIEL/SKINNER/LIGHTNING SEED
GBUM71906030,PAPER CUTS,DAVE
GBUM71901344,SIXTEEN,ELLIE GOULDING
USAT21802284,LET ME DOWN SLOWLY,ALEC BENJAMIN
USRC12200967,CHAOTIC,TATE MCRAE
GBAHS2101426,MERRY CHRISTMAS,ED SHEERAN & ELTON JOHN
GBARL1901201,DON'T RUSH,YOUNG T & BUGSEY FT HEADIE ONE
USUG11902961,NICE TO MEET YA,NIALL HORAN
USWB12203742,DIE FOR YOU,JOJI
UKQNW2100001,ANXIOUS,AJ TRACEY
USUM72004300,ALICE,LADY GAGA
USUM72102636,PEACHES,JUSTIN BIEBER/CAESAR/GIVEON
USUG12103692,ALL TOO WELL (TAYLOR'S VERSION),TAYLOR SWIFT
GBAHS1900713,BEAUTIFUL PEOPLE,ED SHEERAN FT KHALID
GB2DY2000594,CHINGY (IT'S WHATEVER),DIGGA D
USUM71813833,RAP DEVIL,MACHINE GUN KELLY
GBARL2000118,WINE,B YOUNG
USQX91802379,ELECTRICITY,SILK CITY FT DUA LIPA
QMJMT2103632,A M A R I,J COLE
USUM71922079,THE TAKE,TORY LANEZ FT CHRIS BROWN
USUM72021170,ROCKIN' AROUND THE CHRISTMAS TREE,JUSTIN BIEBER
USUG12004749,DRIVERS LICENSE,OLIVIA RODRIGO
USUM71813341,FALL,EMINEM
USSM12006376,HOLIDAY,LIL NAS X
QM6MZ1960806,BULLET FROM A GUN,SKEPTA
DEUM71905214,LOSE CONTROL,MEDUZA/BECKY HILL/GOODBOYS
UKRVV1900235,CHARMER,N-DUBZ
USRC17002573,FELIZ NAVIDAD,JOSE FELICIANO
USWBV2100581,BUILD A BITCH,BELLA POARCH
USUG12004707,NO BODY NO CRIME,TAYLOR SWIFT FT HAIM
CYA112001130,10:35,TIESTO & TATE MCRAE
USAT21703896,TRUTH HURTS,LIZZO
USUM72210708,NONSENSE,SABRINA CARPENTER
GBKPL2204171,GOLDEN HOUR,JVKE
GBLFP1598248,THIAGO SILVA,DAVE & AJ TRACEY
USUM72018522,WONDER,SHAWN MENDES
USUG11801651,HAPPIER,MARSHMELLO FT BASTILLE
GBAHS1901404,AUDACITY,STORMZY FT HEADIE ONE
GBARL2001273,TEARDROPS,BRING ME THE HORIZON
GBUM71906426,HEAVEN ON MY MIND,BECKY HILL & SIGALA
GBARL1901273,NEW DIOR,DIGDAT FT D-BLOCK EUROPE
USUM72116304,OFF THE GRID,KANYE WEST
USSM12206682,STAYING ALIVE,DJ KHALED/DRAKE/LIL BABY
GBARL1701372,SHOTGUN,GEORGE EZRA
USAT22005111,WAP,CARDI B FT MEGAN THEE STALLION
GBUM71902909,I SPY,KREPT/KONAN/HEADIE ONE/K-TRAP
UKQNW1900003,FLOSS,AJ TRACEY FT MOSTACK & NOT3S
GBUM72202737,1989,AITCH
UKQNW1800001,LO(V/S)ER,AJ TRACEY
USUM71808577,SWEETENER,ARIANA GRANDE
QMRSZ1900492,EARTH,LIL DICKY
USSM22202811,FLOWERS,MILEY CYRUS
USUM72213724,TV,BILLIE EILISH
GBUM72102587,LEARNING CURVE,AITCH
USSM12200612,AS IT WAS,HARRY STYLES
USSM12211463,RED FLAGS,MIMI WEBB
USSM12105732,THATS WHAT I WANT,LIL NAS X
GBARL2101712,COMING FOR YOU,SWITCHOTR FT A1 & J1
USUG12002838,EXILE,TAYLOR SWIFT FT BON IVER
QZHN72119462,MASK,DREAM
GBAHS1800454,THURSDAY,JESS GLYNNE
USRC12000832,YOU BROKE ME FIRST,TATE MCRAE
USAT21811534,THE GREATEST SHOW,PANIC AT THE DISCO
QMKHM1600219,MASTER OF PUPPETS,METALLICA
GBUM72106169,BETTER DAYS,NEIKED/MAE MULLER/POLO G
USUM72105922,GETTING OLDER,BILLIE EILISH
GBAHS1900855,CROWN,STORMZY
USUM72000788,GODZILLA,EMINEM FT JUICE WRLD
US23A1500072,BLUE LIGHTS,JORJA SMITH
KRA402200030,SHUT DOWN,BLACKPINK
USSM11914257,MY OH MY,CAMILA CABELLO FT DABABY
GBUV72002113,MISS ME,MOSTACK FT AJ TRACEY
USUG12202337,WORDS,ALESSO/ZARA LARSSON
USUG11904422,WHAT A MAN GOTTA DO,JONAS BROTHERS
USUM71920461,CLOSED ON SUNDAY,KANYE WEST
USUM72305206,CHEMICAL,POST MALONE
USUM71805289,NO TEARS LEFT TO CRY,ARIANA GRANDE
USA2P2251898,ON THE STREET,J-HOPE & J COLE
GBUM71801474,FAMILY TREE,RAMZ
USA2P2120718,LOVE TONIGHT,SHOUSE
GBAHS2100478,KISS MY (UH OH),ANNE-MARIE & LITTLE MIX
GBAHT1901303,BREAK MY HEART,DUA LIPA
USAT22100017,ASTRONAUT IN THE OCEAN,MASKED WOLF
GBMMW2200407,PRINCE ANDREW IS A SWEATY N**CE,K**TS
GBUM72006210,FOREVER YOUNG,BECKY HILL
USUM72206227,I AIN'T WORRIED,ONEREPUBLIC
GBUM71902321,GUTEN TAG,HARDY CAPRIO & DIGDAT
USSM10905166,SLEIGH RIDE,RONETTES
USUM72020426,MOTIVE,ARIANA GRANDE FT DOJA CAT
USUYG1403104,PERU,FIREBOY DML & ED SHEERAN
GBAHS2100547,DRIVE,CLEAN BANDIT/TOPIC/WES NELSON
USUG12002097,BAD BOY,JUICE WRLD FT YOUNG THUG
USUG11900610,HERE WITH ME,MARSHMELLO FT CHVRCHES
GBUM71905731,RIVER,ELLIE GOULDING
USUM72208318,THE HEART - PT 5,KENDRICK LAMAR
QM24S1703585,MO BAMBA,SHECK WES
USUM72013356,FOR THE NIGHT,POP SMOKE/LIL BABY/DABABY
GB2DY2000274,30,AITCH
GB1102100076,BURNER ON DECK,FREDO FT POP SMOKE & YOUNG ADZ
USUG12000658,SAVE YOUR TEARS,WEEKND
USUG12300831,LAST NIGHT,MORGAN WALLEN
USUYG1221109,FALLING,TREVOR DANIEL
GBCEN2000164,FRIDAY,RITON/NIGHTCRAWLERS/MUFASA
GBUM71803212,BEST LIFE,HARDY CAPRIO FT ONE ACEN
DEUM72203211,POINTLESS,LEWIS CAPALDI
USRC11901529,MOTHER'S DAUGHTER,MILEY CYRUS
GBAHS1800025,FRIENDS,MARSHMELLO & ANNE-MARIE
USSM11912586,GOLDEN,HARRY STYLES
GBAYE1800032,MAN DOWN,SHAKKA FT ALUNAGEORGE
USRC12100442,2055,SLEEPY HALLOW
USUM71908268,HOMICIDE,LOGIC FT EMINEM
USUM71813204,I'LL NEVER LOVE AGAIN,LADY GAGA & BRADLEY COOPER
GBSXS1700182,FIRST TIME,M-22 FT MEDINA
UK8E21801201,DANCING IN THE MOONLIGHT,JUBEL FT NEIMY
QM6MZ1960810,WHAT DO YOU MEAN,SKEPTA FT J HUS
GB1301900546,CROSS ME,ED SHEERAN/CHANCE/PNB ROCK
DEUM71905868,BEFORE YOU GO,LEWIS CAPALDI
USAT21801431,I LIKE IT,CARDI B/BAD BUNNY/J BALVIN
ZZOPM2002123,WAZE,SKEPTA/CHIP/YOUNG ADZ
GBUM71802109,RISE,JONAS BLUE FT JACK & JACK
USRC11900004,TALK,KHALID
USUM71900770,BURY A FRIEND,BILLIE EILISH
GBARL1900030,COMFORTABLE,YUNGEN FT DAPPY
GBUM72000217,TEQUILA,JAX JONES/SOLVEIG/RAYE/EUROPA
USATV2100374,UP,CARDI B
GBARL2001158,PARLEZ-VOUS ANGLAIS,HEADIE ONE FT AITCH
UKWLG2300016,BABY DON'T HURT ME,D GUETTA/ANNE-MARIE/COI LERAY
QMBZ92051791,LIFE GOES ON,BTS
QMJMT2103643,P R I D E . I S . T H E . D E V I L,J COLE & LIL BABY
GBAYE0302805,HAPPY XMAS (WAR IS OVER),JOHN & YOKO/PLASTIC ONO BAND
GBUM71902012,SHINE GIRL,MOSTACK FT STORMZY
USSM12002217,THE SCOTTS,SCOTTS/TRAVIS SCOTT/KID CUDI
GB1302001140,WE'RE GOOD,DUA LIPA
GBARL2000038,PLAY PLAY,J HUS FT BURNA BOY
USUM72100805,SKIN,SABRINA CARPENTER
GBARL2201902,MESSY IN HEAVEN,VENBEE & GODDARD
USSM12302165,NEVER FELT SO ALONE,LABRINTH
GBAWV9800958,VINDALOO,FAT LES
DEUM71900680,HOLD ME WHILE YOU WAIT,LEWIS CAPALDI
GB1101901175,BUSS DOWN,AITCH FT ZIEZIE
GBARL2201626,ALL THESE NIGHTS,TOM GRENNAN
USSM12300443,LOVE AGAIN,KID LAROI
TCAEA1802695,SUNDAY BEST,SURFACES
USUM71905581,MONOPOLY,ARIANA GRANDE & VICTORIA MONET
GB2DY2200727,CONOR MCGREGOR,D-BLOCK EUROPE
USSM12202421,IN MY HEAD,LIL TJAY
USUG12208606,CIRCO LOCO,DRAKE & 21 SAVAGE
QMRSZ2000116,WAKE UP CALL,KSI FT TRIPPIE REDD
GBAHS1800522,ALL I AM,JESS GLYNNE
USUM72014720,MY EX'S BEST FRIEND,MACHINE GUN KELLY & BLACKBEAR
QM4TX2221661,SNAP,ROSA LINN
GBAYE2000596,DAISY,ASHNIKKO
GBK3W1800807,TOOTIMETOOTIMETOOTIME,1975
GB2DY2300001,DAVE FLOW,FREDO
USAT22203487,CHURCHILL DOWNS,JACK HARLOW FT DRAKE
USUM71917357,STUPID LOVE,LADY GAGA
GBUM72202305,WHISTLE,JAX JONES/CALUM SCOTT
GB2DY2100788,RED LIGHT GREEN LIGHT,DIGGA D
USAT21907355,BOSS BITCH,DOJA CAT
QMRSZ2000908,CAP,KSI FT OFFSET
USUG12205734,LAVENDER HAZE,TAYLOR SWIFT
GBUM72006953,MONEY TALKS,FREDO FT DAVE
GBAHT1901121,DON'T START NOW,DUA LIPA
QZA742002191,GOOBA,6IX9INE
GB1102000834,CIRCLES,DENO/OFB BANDOKAY/DOUBLE LZ
QMCE31902585,SUICIDAL,YNW MELLY
QMBZ91970052,KISS AND TELL,AJ TRACEY & SKEPTA
USQX92202485,TRUE LOVE,KANYE WEST & XXXTENTACION
GBARL1800185,FINE GIRL,ZIEZIE
USA370509585,MONSTER MASH,BOBBY BORIS PICKETT
GBARL2000040,REPEAT,J HUS FT KOFFEE
DECE72003523,YOUR LOVE (9PM),ATB/TOPIC/A7S
USUYG1225643,BAD,XXXTENTACION
USAT21811535,A MILLION DREAMS,PINK
ZZOPM2240774,LA LEAKERS FREESTYLE,CENTRAL CEE
USSM12300149,JADED,MILEY CYRUS
GBCCS8401051,WONDERFUL CHRISTMASTIME,PAUL MCCARTNEY
QMBZ91949584,BREAK UP BYE BYE,CAST OF RUPAUL'S DRAG RACE UK
USSM12004756,FRANCHISE,TRAVIS SCOTT/YOUNG THUG/MIA
USUV72200420,DO WE HAVE A PROBLEM,NICKI MINAJ & LIL BABY
QM6P41954566,BE HONEST,JORJA SMITH FT BURNA BOY
GBUV72300217,I WROTE A SONG,MAE MULLER
GBK3W1901077,IF YOU'RE TOO SHY (LET ME KNOW),1975
GB1102201841,50S,HEADIE ONE
QMRSZ2100337,PATIENCE,KSI FT YUNGBLUD & POLO G
GBARL1801252,BACK & FORTH,MK/JONAS BLUE/BECKY HILL
USUM71915699,CIRCLES,POST MALONE
GBARL1901278,SELF-OBSESSED,DA BEATFREAKZ FT K&K/DBE/DENO
GB2DY2200443,BLACK BEATLES,D-BLOCK EUROPE
USUM72000789,DARKNESS,EMINEM
GB2DY2000671,STOP CRYING YOUR HEART OUT,BBC CHILDREN IN NEED
GB1102200291,PROPELLER,JAE5 FT DAVE & BNXN
USSM12100532,MONTERO (CALL ME BY YOUR NAME),LIL NAS X
USSM12206231,ALIEN SUPERSTAR,BEYONCE
GB2DY2200728,SHE'S NOT ANYONE,D-BLOCK EUROPE
GBARL2100088,SIBERIA,HEADIE ONE FT BURNA BOY
USUM72201508,MAYBE,MACHINE GUN KELLY/BRING ME THE
USUM71814031,I LOVE IT,KANYE WEST & LIL PUMP
QZTB52268087,PEOPLE,LIBIANCA
ZZOPM2110165,OBSESSED WITH YOU,CENTRAL CEE
GBAHS1800684,LET YOU LOVE ME,RITA ORA
GBARL2000962,OBEY,BRING ME THE HORIZON/YUNGBLUD
USUG11904306,NO JUDGEMENT,NIALL HORAN
GBUM71903212,THIS IS REAL,JAX JONES FT ELLA HENDERSON
USAT22100346,HEARTBREAK ANTHEM,GALANTIS/GUETTA/LITTLE MIX
GBAHS1800094,2002,ANNE-MARIE
USSM12200610,LATE NIGHT TALKING,HARRY STYLES
GBAHS2100719,THE JOKER AND THE QUEEN,ED SHEERAN
UKXN22103133,ALONE WITH YOU,ARZ
USUYG1198481,TASTE,TYGA FT OFFSET
GBUM71903241,HOME P*SSY,D-BLOCK EUROPE
USWD11994667,INTO THE UNKNOWN,IDINA MENZEL & AURORA
GBARL2201770,CAN'T BE US,HEADIE ONE/CADABRA/BANDOKAY
ZZOPM2119910,DAILY DUPPY,CENTRAL CEE
USRC11800871,LET ME,ZAYN
QZFZ52145391,PAIN,PINKPANTHERESS
GBUM71906699,DON'T NEED LOVE,220 KID & GRACEY
GBAAP9400679,STAY ANOTHER DAY,EAST 17
GBLLT1904989,LET NATURE SING,RSPB
QM6MZ1917908,BOY WITH LUV,BTS & HALSEY
GBBKS1500217,WHEN WE WERE YOUNG,ADELE
USUM71923481,RARE,SELENA GOMEZ
USSM12005343,MR RIGHT NOW,21 SAVAGE/METRO BOOMIN/DRAKE
GBKPL2013050,GO,CAT BURNS
USSM12201842,BAM BAM,CAMILA CABELLO FT ED SHEERAN
USUM72019412,POSITIONS,ARIANA GRANDE
GBUM71800366,YOUNGBLOOD,5 SECONDS OF SUMMER
UKJM21900003,KILOS,BUGZY MALONE FT AITCH
isrc,title,artist
USRC12003345,HEART OF GLASS,MILEY CYRUS
GBAHS2200993,HISTORY,JOEL CORRY & BECKY HILL
GB1302001073,NO TIME FOR TEARS,NATHAN DAWE & LITTLE MIX
GBARL2100658,WANDSWORTH TO BULLINGDON,FREDO FT HEADIE ONE
QZHN32199953,LOVE NWANTITI (AH AH AH),CKAY
ZZOPM2118749,COLD SHOULDER,CENTRAL CEE
GBAHS2001192,DON'T PLAY,ANNE-MARIE/KSI/DIGITAL FARM
NLZ541900734,POST MALONE,SAM FELDT FT RANI
USCM51800077,NICE FOR WHAT,DRAKE
GB2DY1900071,KITCHEN KINGS,D-BLOCK EUROPE
QZNWR2058828,BELIEVE ME,NAVOS
GB1102300013,REACT,SWITCH DISCO & ELLA HENDERSON
USQE91500820,MORAL OF THE STORY,ASHE
USMC15848998,ROCKIN' AROUND THE CHRISTMAS TREE,BRENDA LEE
USUM71817583,I FOUND YOU,BENNY BLANCO & CALVIN HARRIS
USUG12207318,POLAND,LIL YACHTY
USUG12300779,HEAVEN,NIALL HORAN
GBUM72101293,STARSTRUCK,YEARS & YEARS
UKQNW1800013,LADBROKE GROVE,AJ TRACEY
USUG12101249,FAVORITE CRIME,OLIVIA RODRIGO
USSM11901941,OLD TOWN ROAD,LIL NAS X
RUB421901499,ROSES,SAINT JHN
GBHMU2000049,YOU TAUGHT ME WHAT LOVE IS,BETH PORCH
GBUM72201663,ALL FOR YOU,CIAN DUCROT
GBK3W2202317,I'M IN LOVE WITH YOU,1975
USSM11914962,LIFE IS GOOD,FUTURE FT DRAKE
USAT21700437,FEEL IT STILL,PORTUGAL THE MAN
USUM71805184,BETTER NOW,POST MALONE
GBARL2000186,WAR,MASTERMIND FT BANDOKAY
USAT21811495,MONEY,CARDI B
USUM71900881,365,ZEDD FT KATY PERRY
USSM11903536,JEALOUS,DJ KHALED/BROWN/LIL WAYNE
GB2DY2100807,NO COMPETITION,D-BLOCK EUROPE
USCM51800208,DON'T MATTER TO ME,DRAKE FT MICHAEL JACKSON
SEUM71100962,LEVELS,AVICII
GB2DY2200137,HOLD IT DOWN,DIGGA D
USAT22104773,SANTA CAN'T YOU HEAR ME,KELLY CLARKSON & ARIANA GRANDE
GB5KW2205553,FOOD AID,LADBABY
USUM72019170,LONELY,JUSTIN BIEBER & BENNY BLANCO
USAT21802011,SWEET BUT PSYCHO,AVA MAX
USWV22127495,SURFACE PRESSURE,JESSICA DARROW
USAT21704622,THIS IS ME,SETTLE/GREATEST SHOWMAN ENS
GB2DY2200008,PUMP 101,DIGGA D/STILL BRICKIN'
UKFBX1800008,ADVICE,CADET & DENO DRIZ
QMRSZ2002383,REALLY LOVE,KSI/CRAIG DAVID/DIGITAL FARM
USUG12103662,RED (TAYLOR'S VERSION),TAYLOR SWIFT
SE5R71900201,SOS,AVICII FT ALOE BLACC
GBAHT2000782,ALL YOU'RE DREAMING OF,LIAM GALLAGHER
GBARL2201128,POTION,CALVIN HARRIS/DUA LIPA/YOUNG
UKWLG2200055,I'M GOOD (BLUE),DAVID GUETTA & BEBE REXHA
CAN112300498,LABOUR,PARIS PALOMA
GB2DY2200739,MAN IN THE MIRROR,D-BLOCK EUROPE
USUM71912330,GOODBYES,POST MALONE FT YOUNG THUG
USAT21812712,GOING BAD,MEEK MILL FT DRAKE
GB1101901014,HELL N BACK,BAKAR
USUM72100008,LO VAS A OLVIDAR,BILLIE EILISH & ROSALIA
GBARL1701655,LEAVE A LIGHT ON,TOM WALKER
USSM10905172,CHRISTMAS (BABY PLEASE COME HOME),DARLENE LOVE
USUM71900764,BAD GUY,BILLIE EILISH
GB2DY2000563,UFO,D-BLOCK EUROPE FT AITCH
USUG12106683,HOW DO I MAKE YOU LOVE ME,WEEKND
USSM11912587,WATERMELON SUGAR,HARRY STYLES
USUG11904007,HEARTLESS,WEEKND
GBAHS2300175,EYES CLOSED,ED SHEERAN
ZZOPM2003512,LOADING,CENTRAL CEE
GBCEN1900019,WISH YOU WELL,SIGALA & BECKY HILL
GBUM71804645,AY CARAMBA,LIZZY/FREDO/YOUNG T & BUGSEY
USWB11902199,PROFESSOR X,DAVE
USSM12109778,HOUSE ON FIRE,MIMI WEBB
GB2DY2000044,MICE,AITCH
USRC12204591,SNOOZE,SZA
GBUM72108841,WHERE DID YOU GO,JAX JONES FT MNEK
USUG11802132,MONA LISA,LIL WAYNE FT KENDRICK LAMAR
GBARL1800368,ONE KISS,CALVIN HARRIS & DUA LIPA
GBBBM8500013,MERRY CHRISTMAS EVERYONE,SHAKIN' STEVENS
GBAHS2100002,LET'S GO HOME TOGETHER,ELLA HENDERSON & TOM GRENNAN
GBUV71900031,DON'T FEEL LIKE CRYING,SIGRID
USUG12002935,ONE TOO MANY,KEITH URBAN & PINK
USAT21813049,NIGHTS LIKE THIS,KEHLANI FT TY DOLLA SIGN
GBUM72002531,DIAMONDS,SAM SMITH
UYB282301031,BZRP MUSIC SESSIONS - VOL 53,BIZARRAP & SHAKIRA
USSM12101148,GOOD WITHOUT,MIMI WEBB
GB1102000319,BREAK UP SONG,LITTLE MIX
QZFPL2100101,DO IT TO IT,ACRAZE FT CHERISH
USSM12006586,WITHOUT YOU,KID LAROI
USRV82101200,BIG ENERGY,LATTO/MARIAH CAREY/DJ KHALED
USSM11903948,PANINI,LIL NAS X
USUMV2101644,TRAITOR,OLIVIA RODRIGO
GBUM72207184,ROCKET SCIENCE,CLAVISH FT D-BLOCK EUROPE
US39N2300484,22,JAYO
GBUM71902013,I'M THE ONE,MOSTACK & FREDO
USWB11902978,LOYAL,PARTYNEXTDOOR FT DRAKE
NLF711710457,BODY,LOUD LUXURY FT BRANDO
GBUM71900576,BLACK,DAVE
USUM71813499,WITHOUT ME,HALSEY
USUM72208035,I LIKE YOU (A HAPPIER SONG),POST MALONE FT DOJA CAT
USUM71917221,PLAYING GAMES,SUMMER WALKER
GBMMW2200431,F**K THE TORIES,K**TS
USSM11912590,FALLING,HARRY STYLES
GBCEL2200513,I AIN'T QUITE WHERE I THINK I AM,ARCTIC MONKEYS
USUM71819190,COZY LITTLE CHRISTMAS,KATY PERRY
QZES71982312,DANCE MONKEY,TONES & I
USWB11800211,LOOK ALIVE,BLOCBOY JB FT DRAKE
GBHMU1900031,BOUNCE BACK,LITTLE MIX
USAT22208037,VICTORIA'S SECRET,JAX
USSM11905818,LIAR,CAMILA CABELLO
USRC11703646,LOVE LIES,KHALID & NORMANI
USUM72120470,ONE RIGHT NOW,POST MALONE & WEEKND
UK8E21907403,WEEKENDS,FREYA RIDINGS
GBAHS2201000,TURN ON THE LIGHTS AGAIN,FRED AGAIN/SWEDISH HOUSE MAFIA
QMJMT2103635,M Y . L I F E,J COLE/21 SAVAGE/MORRAY
GB1102101248,SOUTHGATE YOU'RE THE ONE (FOOTBALL'S,ATOMIC KITTEN
GB2DY2000353,PLAIN JANE,D-BLOCK EUROPE
GBUM72103449,LET THEM KNOW,MABEL
USSM11914250,HAPPY CHRISTMAS (WAR IS OVER),JOHN LEGEND
USUM72001715,BLUEBERRY FAYGO,LIL MOSEY
USUG12203745,KISS ME,DERMOT KENNEDY
QZK6P2113983,MAKE ME FEEL GOOD,BELTERS ONLY FT JAZZY
GBAHS2101236,BEG FOR YOU,CHARLI XCX FT RINA SAWAYAMA
QZTB42247362,CHRISTMAS DRILLINGS,SIDEMEN
GBCTA1300103,UNDERNEATH THE TREE,KELLY CLARKSON
GB1102200038,PACKS AND POTIONS,HAZEY
USWB11802264,ARMS AROUND YOU,XXXTENTACION/PUMP/MALUMA/SWAE
USRC12103605,I HATE U,SZA
USUM72215261,SUPER FREAKY GIRL,NICKI MINAJ
GBUM71800437,MAD LOVE,SEAN PAUL/GUETTA/BECKY G
USAT22103652,ABCDEFU,GAYLE
GBUM71900578,LOCATION,DAVE FT BURNA BOY
USAT21900569,SO AM I,AVA MAX
SE6XG2100101,I STILL HAVE FAITH IN YOU,ABBA
GB1301901348,LONELY,JOEL CORRY
GBUM71900985,KEISHA & BECKY,RUSS & TION WAYNE
UKQNW2100011,LITTLE MORE LOVE,AJ TRACEY
GB1302000411,I DUNNO,TION WAYNE/DUTCHAVELLI/STORMZY
QM6P41894589,OPTIONS,NSG FT TION WAYNE
USUV71803308,WITHOUT ME,HALSEY
DEZC62269331,MISS YOU,SOUTHSTAR
USRC11803517,SATURDAY NIGHTS,KHALID
USCM51800139,BARBIE DREAMS,NICKI MINAJ
QMEU31819472,STOOPID,6IX9INE FT BOBBY SHMURDA
USUG11900515,SUCKER,JONAS BROTHERS
USUG11601011,DIE FOR YOU,WEEKND
USUM71822626,WOW.,POST MALONE
USUM72000806,THOSE KINDA NIGHTS,EMINEM FT ED SHEERAN
USLD91743605,WE CAA DONE,POPCAAN FT DRAKE
USAT21812918,SWERVIN,A BOOGIE WIT DA HOODIE/6IX9INE
GB1101900104,THINK ABOUT US,LITTLE MIX FT TY DOLLA SIGN
GBARL2001440,LOVE NOT WAR (THE TAMPA BEAT),JASON DERULO & NUKA
USLD91714410,I'M UPSET,DRAKE
USAT22007153,LIFE GOES ON,OLIVER TREE
USWB11801760,GOODBYE,DERULO/GUETTA/MINAJ/WILLIAM
USRC12100608,ALL I KNOW SO FAR,PINK
USUM72105934,YOUR POWER,BILLIE EILISH
GBAHS1901183,WILEY FLOW,STORMZY
GBUM72102399,TITANIUM,DAVE
QMDA62217995,ESCAPISM,RAYE FT 070 SHAKE
GBKPL1933763,I'M SO TIRED,LAUV & TROYE SIVAN
USRC12003364,PRISONER,MILEY CYRUS FT DUA LIPA
QMJMT2103619,I N T E R L U D E,J COLE
QM6MZ2156864,BUTTER,BTS
GBSXS1800185,LOVE MADE ME DO IT,CHERYL
GBUM72100297,WELLERMAN,NATHAN EVANS/220KID/BILLEN TED
GBCEN1900048,RIDE IT,REGARD
GBAHS2201508,OH BABY,NATHAN DAWE/BRU-C/BSHP/CROSS
QZA742002508,TROLLZ,6IX9INE & NICKI MINAJ
GB3CE2200004,FERRARI,JAMES HYPE/MIGGY DELA ROSA
GB2DY2100828,OVERSEAS,D-BLOCK EUROPE FT CENTRAL CEE
GB0401000197,CHRISTMAS LIGHTS,COLDPLAY
DEUM71602306,ODE TO JOY,ANDRE RIEU & JOHANN STRAUSS OR
GB28K1820005,LIKE I DO,GUETTA/GARRIX/BROOKS
ZZOPM2117993,RETAIL THERAPY,CENTRAL CEE
GBUM72203432,FRESH OUT THE BANK,MEEKZ & DAVE
GBARL2202528,MARTIN'S SOFA,HEADIE ONE
GBUM71806264,FUNKY FRIDAY,DAVE FT FREDO
USUM72018810,MONSTER,SHAWN MENDES & JUSTIN BIEBER
USWV22127496,WE DON'T TALK ABOUT BRUNO,GAITAN/CASTILLO/ADASSA/FELIZ
USSM11807704,RUIN MY LIFE,ZARA LARSSON
GBARL2101139,LOVE (SWEET LOVE),LITTLE MIX
USUM72213725,THE 30TH,BILLIE EILISH
USWB12001096,TAP IN,SAWEETIE
USRC12201440,BAD HABIT,STEVE LACY
USUM71805992,BACK TO YOU,SELENA GOMEZ
USQX91902708,IF THE WORLD WAS ENDING,JP SAXE FT JULIA MICHAELS
QMCE32200233,SWEETEST PIE,MEGAN THEE STALLION & DUA LIPA
GBMA21850002,NASSTY,D-BLOCK EUROPE/ADZ/LIL PINO/LB
USUG12102313,LEAVE BEFORE YOU LOVE ME,MARSHMELLO/JONAS BROTHERS
USSM12104470,STAY,KID LAROI & JUSTIN BIEBER
GBAHS2101390,EVERYWHERE (BBC CHILDREN IN NEED),ANNE-MARIE & NIALL HORAN
USRC11903871,KNOW YOUR WORTH,KHALID & DISCLOSURE
GBARL2001197,LITTLE BIT OF LOVE,TOM GRENNAN
NGA3B2216004,RUSH,AYRA STARR
USUM72119916,ENEMY,IMAGINE DRAGONS/JID/LEAGUE OF
USSM19902989,THRILLER,MICHAEL JACKSON
USAT21811541,REWRITE THE STARS,JAMES ARTHUR & ANNE-MARIE
USUG11800211,CHANGES,XXXTENTACION
USAT22217320,SOMEDAY AT CHRISTMAS,LIZZO
USWD12112911,THE FAMILY MADRIGAL,STEPHANIE BEATRIZ/OLGA MEREDIZ
USUG12001281,TOOSIE SLIDE,DRAKE
USUM72102629,AS I AM,JUSTIN BIEBER FT KHALID
GBARL2000034,BIG CONSPIRACY,J HUS FT ICEE TGM
QM4TW2244096,ONE OF A KIND MUSIC PTS REGGAE & CALYPSO,RUSS MILLIONS/BUNI/YV
USWB11402616,BABY IT'S COLD OUTSIDE,IDINA MENZEL FT MICHAEL BUBLE
USUM72208963,N95,KENDRICK LAMAR
USRC11901901,HIGHER LOVE,KYGO & WHITNEY HOUSTON
KRA402200017,PINK VENOM,BLACKPINK
QMRSZ2000911,KILLA KILLA,KSI FT AIYANA-LEE
GB1301901247,PHYSICAL,DUA LIPA
USUM71917563,GRAVEYARD,HALSEY
GBAHS2000775,TICK TOCK,CLEAN BANDIT/MABEL/24KGOLDN
USSM12104018,ESCAPE PLAN,TRAVIS SCOTT
USWB11802236,MIA,BAD BUNNY FT DRAKE
GBAHS2000064,LONDON,M24 FT TION WAYNE
USRC12204598,NOBODY GETS ME,SZA
USAT22203495,DUA LIPA,JACK HARLOW
USUM71813192,SHALLOW,LADY GAGA & BRADLEY COOPER
GB1101702317,PANIC ROOM,AU/RA & CAMELPHAT
USUM72009644,STUCK WITH U,ARIANA GRANDE & JUSTIN BIEBER
GB2DY2201179,I'M BACK,FREDO
USSM11806658,STARGAZING,TRAVIS SCOTT
USUM71809132,EASTSIDE,BENNY BLANCO/HALSEY/KHALID
USAT22001369,P2,LIL UZI VERT
USUG12100342,LOVE STORY (TAYLOR'S VERSION),TAYLOR SWIFT
USUM72023175,ANYONE,JUSTIN BIEBER
GB1302101610,I WISH,JOEL CORRY FT MABEL
TCADI1763759,JUMANJI,B YOUNG
GBARL2001008,AIN'T IT DIFFERENT,HEADIE ONE/AJ TRACEY/STORMZY
NLM5S1900528,SUMMER DAYS,MARTIN GARRIX/MACKLEMORE/STUMP
USUM72020423,34+35,ARIANA GRANDE
GBHMU1800090,STRIP,LITTLE MIX FT SHARAYA J
USWB12201789,GLIMPSE OF US,JOJI
GBARL2101749,BMW,BAD BOY CHILLER CREW
USUM72116263,JAIL,KANYE WEST
USAT22203024,FIRST CLASS,JACK HARLOW
GBUM71900575,STREATHAM,DAVE
USUM72208020,COOPED UP,POST MALONE FT RODDY RICCH
USUM71912501,DON'T CALL ME ANGEL (CHARLIE'S ANGELS),GRANDE/CYRUS/LANA DEL REY
CAN132200297,OUT OF NOWHERE,BUGZY MALONE & TEEDEE
USUG11800208,SAD,XXXTENTACION
GBARL1601833,JUST YOU AND I,TOM WALKER
GB2DY2000409,M.E.N III,BUGZY MALONE
USUG11904206,BLINDING LIGHTS,WEEKND
GBAYE1900233,YOUR MRS,JAY1
USUG11901520,EASIER,5 SECONDS OF SUMMER
GB2DY2000658,NOTORIOUS,BUGZY MALONE FT CHIP
USSM12000998,HEARTBREAK ANNIVERSARY,GIVEON
USSM12300425,MOTHER,MEGHAN TRAINOR
GBAYE7400132,LAND OF HOPE AND GLORY,VERA LYNN
IEACJ2300020,EAT YOUR YOUNG,HOZIER
GBHMU2000056,HOLIDAY,LITTLE MIX
GBAHW0500175,STOP THE CAVALRY,JONA LEWIE
USUG12204890,MASSIVE,DRAKE
USRC11900110,WALK ME HOME,PINK
USWB12004855,BEST FRIEND,SAWEETIE FT DOJA CAT
USUM72118240,NO LOVE,SUMMER WALKER & SZA
GBARL1901243,FRENCH KISSES,ZIEZIE FT AITCH
GBUM71807392,PLAY,JAX JONES/YEARS & YEARS
USSM11806659,CAROUSEL,TRAVIS SCOTT
USUYG1414608,FREAKY DEAKY,TYGA & DOJA CAT
RUA012200233,STEFANIA,KALUSH
UKRNH1900048,47,WALA/MIST/BANGLEZ/STEFFLON
AUDCB1701966,DOWN UNDER,LUUDE FT COLIN HAY
DEE861600590,TRAIN WRECK,JAMES ARTHUR
GBUM71805350,CLOSE TO ME,ELLIE GOULDING/DIPLO/SWAE LEE
SE6XG2100104,DON'T SHUT ME DOWN,ABBA
USCM51800004,GOD'S PLAN,DRAKE
DEE862100256,RASPUTIN,MAJESTIC & BONEY M
GBAHS2000622,LIGHTER,NATHAN DAWE FT KSI
USUG12102076,TAKE MY BREATH,WEEKND
USSM11904276,HIGHEST IN THE ROOM,TRAVIS SCOTT
QZ45A1700126,A LOT,21 SAVAGE
UKEMY1800001,BUTTERFLIES,AJ TRACEY & NOT3S
QZMEM2232831,ROMANTIC HOMICIDE,D4VD
USUM72112396,DEMEANOR,POP SMOKE FT DUA LIPA
DEC691900342,FALLING LIKE THE STARS,JAMES ARTHUR
USUG12202231,FLOWERS,LAUREN SPENCER-SMITH
GBAHS2100041,MAREA (WE'VE LOST DANCING),FRED AGAIN & BLESSED MADONNA
USUM71116290,MISTLETOE,JUSTIN BIEBER
USAT22219206,JUST WANNA ROCK,LIL UZI VERT
GB2DY2200675,ELEGANT & GANG,D-BLOCK EUROPE/GHOST KILLER
GBCEL2200512,THERE'D BETTER BE A MIRRORBALL,ARCTIC MONKEYS
GBUM72103840,CLASH,DAVE FT STORMZY
USAT22211992,MISS YOU,OLIVER TREE & ROBIN SCHULZ
GBUM72301963,FLY GIRL,FLO FT MISSY ELLIOTT
USUM71814876,KILLSHOT,EMINEM
GBCEL1800165,ONE POINT PERSPECTIVE,ARCTIC MONKEYS
USSM12200047,BAM BAM,CAMILA CABELLO FT ED SHEERAN
GBAHS1701239,THESE DAYS,RUDIMENTAL/GLYNNE/MACKLEMORE
QZAKB2166405,B.O.T.A. (BADDEST OF THEM ALL),ELIZA ROSE/INTERPLANETARY
USUM71815958,WHEN THE PARTY'S OVER,BILLIE EILISH
GBAHS9904091,DRIVING HOME FOR CHRISTMAS,CHRIS REA
USQX91802130,THUNDERCLOUDS,LSD FT SIA/DIPLO/LABRINTH
USWB12206229,LOST,LINKIN PARK
US23A1512503,SAD GIRLZ LUV MONEY,AMAARAE FT MOLIY
USUM71920463,FOLLOW GOD,KANYE WEST
USSM12100771,DUMB LOVE,MIMI WEBB
GBARL1801740,18HUNNA,HEADIE ONE FT DAVE
USUM71900111,7 RINGS,ARIANA GRANDE
GB1102001078,LASTING LOVER,SIGALA & JAMES ARTHUR
USZ4V2200009,DON'T FORGET MY LOVE,DIPLO & MIGUEL
USUG12104397,CHAMPAGNE POETRY,DRAKE
GBUM72106057,BETTER DAYS,NEIKED/MAE MULLER/POLO G
QM6N22266016,HOLD THIS,HSTIKKYTOKKY & J FADO
QMEU32209358,KU LO SA - A COLORS SHOW,OXLADE
USCA20200910,LET IT SNOW LET IT SNOW LET IT SNOW,DEAN MARTIN
GB1101800331,079ME,B YOUNG
GBAYE2101288,MY UNIVERSE,COLDPLAY & BTS
GBUM72001831,YOU'LL NEVER WALK ALONE,MICHAEL BALL/CAPTAIN TOM MOORE
GBUM72205415,UNHOLY,SAM SMITH & KIM PETRAS
CYA111800123,JACKIE CHAN,TIESTO/DZEKO/PREME/POST MALONE
USUG12101042,WANTS AND NEEDS,DRAKE FT LIL BABY
ITB002100112,ZITTI E BUONI,MANESKIN
USMC15746480,JINGLE BELL ROCK,BOBBY HELMS
GBUM71902039,MAD LOVE,MABEL
USQX92200693,BOYFRIEND,DOVE CAMERON
USUG11800209,MOONLIGHT,XXXTENTACION
QM6MZ1994246,OT BOP,NSG
UKPGJ1800016,WELLERMAN,LONGEST JOHNS
USUM71913350,MEMORIES,MAROON 5
GB5KW2103680,WHO YOU ARE,CRAIG DAVID & MNEK
USQX91802294,FALLING DOWN,LIL PEEP & XXXTENTACION
GBUM71801455,IF YOU'RE OVER ME,YEARS & YEARS
USUG12001567,BE KIND,MARSHMELLO & HALSEY
USJI10800160,SURE THING,MIGUEL
GB1101500337,ATLANTIS,SEAFRET
CAN132200124,ENERGY,BUGZY MALONE & MIST
QZTGW2100275,THE COLOR VIOLET,TORY LANEZ
USSM12003798,SAVAGE LOVE (LAXED - SIREN BEAT),JAWSH 685 & JASON DERULO
GBAHS2201059,PSYCHO,ANNE-MARIE & AITCH
GBUM72004926,GET OUT MY HEAD,SHANE CODD
USQX91802455,3 NIGHTS,DOMINIC FIKE
USSM11806660,SICKO MODE,TRAVIS SCOTT
GBUM72204534,FIREBABE,STORMZY
GBCEN1800093,JUST GOT PAID,SIGALA/EYRE/TRAINOR FT MONTANA
GBAHS2100722,2STEP,ED SHEERAN
GBAHS2100144,WAY TOO LONG,NATHAN DAWE/ANNE-MARIE/MOSTACK
UKS2R1900003,HOW IT IS,RODDY RICCH/CHIP/YXNG BANE
USUG12001408,CHICAGO FREESTYLE,DRAKE FT GIVEON
USUG11902960,HOT GIRL BUMMER,BLACKBEAR
KRA402000136,LOVESICK GIRLS,BLACKPINK
GBAYE1901251,ORPHANS,COLDPLAY
UKELY2000008,REACT,PUSSYCAT DOLLS
USUM72102132,TEST DRIVE,ARIANA GRANDE
USWB12200466,EVERGREEN (YOU DIDN'T DESERVE ME AT ALL),OMAR APOLLO
QZPY62100044,BAD DAY,JUSTUS BENNETTS
GBARL2200383,GLAD U CAME,LIILZ FT ZIEZIE
US39N2300829,ME & YOU,CENTRAL CEE
GBARL1801049,PROMISES,CALVIN HARRIS & SAM SMITH
GBUM72105299,BOYZ,JESY NELSON FT NICKI MINAJ
GBAHS2100673,OVERPASS GRAFFITI,ED SHEERAN
USCM51900312,OMERTA,DRAKE
UK8E21701401,LOST WITHOUT YOU,FREYA RIDINGS
QMCE32000145,SAVAGE,MEGAN THEE STALLION
GBAHT2000202,LEVITATING,DUA LIPA
GBUM71906661,TO DIE FOR,SAM SMITH
USUM72111566,MOTLEY CREW,POST MALONE
USAT21704617,A MILLION DREAMS,ZIV ZAIFMAN/JACKMAN/WILLIAMS
USUM71803183,IN MY BLOOD,SHAWN MENDES
USRC11900838,CARRY ON,KYGO & RITA ORA
UKW3Z2000118,THANK YOU BAKED POTATO,MATT LUCAS
GBUM71807386,DANCING WITH A STRANGER,SAM SMITH & NORMANI
GBAHS1700024,PERFECT,ED SHEERAN
USQX92202129,SUNROOF,NICKY YOURE & DAZY
USUM72001302,INTENTIONS,JUSTIN BIEBER FT QUAVO
GBARL1900428,LATE NIGHT FEELINGS,MARK RONSON FT LYKKE LI
SE5752002626,PLUGGED IN FREESTYLE,FUMEZ THE ENGINEER/A92/OFFICA
USRE12200285,THE FOUNDATIONS OF DECAY,MY CHEMICAL ROMANCE
USUG12002085,WISHING WELL,JUICE WRLD
USUM71921647,LOOK AT HER NOW,SELENA GOMEZ
GBKPL1959035,F**K I'M LONELY,LAUV & ANNE-MARIE
GBCEL1800164,STAR TREATMENT,ARCTIC MONKEYS
USRC11902256,SLIDE AWAY,MILEY CYRUS
USRC12101540,AIN'T S**T,DOJA CAT
GB2DY1900468,PLAYING FOR KEEPS,D-BLOCK EUROPE FT DAVE
USAT21903320,THE LONDON,YOUNG THUG/J COLE/TRAVIS SCOTT
USUG12204889,STICKY,DRAKE
USWB12201574,IN THE STARS,BENSON BOONE
USUG12104399,GIRLS WANT GIRLS,DRAKE FT LIL BABY
GBARL2200007,ANYONE FOR YOU,GEORGE EZRA
ZA34K2000415,LOVE NWANTITI (AH AH AH),CKAY
AUUM72200187,HOW DO I SAY GOODBYE,DEAN LEWIS
GBARL1901043,THE LAST TIME,SCRIPT
ZZOPM2004175,COMMITMENT ISSUES,CENTRAL CEE
GB2DY2100372,MEANT TO BE,LIZZY/FREDO/CENTRAL CEE
GB1101801764,BMT,FREDO
USSM12100389,CALLING MY PHONE,LIL TJAY & 6LACK
GBARL2200252,REMIND ME,TOM GRENNAN
QMFME2147580,NIRVANA,SKEPTA FT J BALVIN
GBAHT2200010,EVERYTHING'S ELECTRIC,LIAM GALLAGHER
GBUM71905293,TELL ME,KREPT & KONAN/D-BLOCK/HUSSLE
QMRSZ2100345,NO TIME,KSI FT LIL DURK
USSM12005972,SO DONE,KID LAROI
USRC12101120,NEED TO KNOW,DOJA CAT
GBAHT2000204,HALLUCINATE,DUA LIPA
GBAHS2201155,LIONHEART (FEARLESS),JOEL CORRY & TOM GRENNAN
GB1102000564,PARASITE EVE,BRING ME THE HORIZON
DEUV72300302,WISH YOU THE BEST,LEWIS CAPALDI
QZXDB2300005,DAYLIGHT,DAVID KUSHNER
GB1101801908,GIANT,CALVIN HARRIS & RAG'N'BONE MAN
USQX91901112,I THINK,TYLER THE CREATOR
QZ85M1940160,RANSOM,LIL TECCA
ISV442020901,THINK ABOUT THINGS,DADI FREYR
USUM72013630,MOOD SWINGS,POP SMOKE FT LIL TJAY
GBARK8700046,BAT OUT OF HELL,MEAT LOAF
GBUM72104336,VERDANSK,DAVE
GBARL2100655,TALK OF THE TOWN,FREDO
USRC11903455,SAY SO,DOJA CAT
USRC12003234,OUTTA TIME,BRYSON TILLER FT DRAKE
USUG12101240,DEJA VU,OLIVIA RODRIGO
USUM71922577,EVERYTHING I WANTED,BILLIE EILISH
USUM71807681,ALL MINE,KANYE WEST
USAT22102237,LATE AT NIGHT,RODDY RICCH
GBUM71805626,GUIDING LIGHT,MUMFORD & SONS
USUMV2103323,STATE OF GRACE (TAYLOR'S VERSION),TAYLOR SWIFT
GB1101900928,TASTE (MAKE IT SHAKE),AITCH
GBK3W1800797,LOVE IT IF WE MADE IT,1975
USWD11995182,ALL I WANT,OLIVIA RODRIGO
USSM12004501,POPSTAR,DJ KHALED FT DRAKE
UK4ZF2100070,BED,JOEL CORRY/RAYE/DAVID GUETTA
GB2DY2100678,2K17,DIGGA D
GB2DY2100026,BLUUWUU,DIGGA D
USUM71710836,PSYCHO,POST MALONE FT TY DOLLA SIGN
GB1102100004,BACK TO BASICS,FREDO
USUG12102831,BETTER DAYS,DERMOT KENNEDY
USUV72100822,HOLD ON,JUSTIN BIEBER
GB1102101281,FLOWERS AND THE SNOW,FREDO
GBARL2101140,NO,LITTLE MIX
GBAKW7301006,MERRY XMAS EVERYBODY,SLADE
USUM71813345,VENOM,EMINEM
GBMA21880590,BROKEN HOMES,PLUG/NAFE SMALLZ/M HUNCHO
USSM12200609,MUSIC FOR A SUSHI RESTAURANT,HARRY STYLES
USUMV2001112,PAIN 1993,DRAKE FT PLAYBOI CARTI
GBAHS1900673,I DON'T CARE,ED SHEERAN & JUSTIN BIEBER
USUM71813349,LUCKY YOU,EMINEM FT JOYNER LUCAS
FRX202008600,SUMMER 91 (LOOKING BACK),NOIZU
GBK3W2302568,GLUE SONG,BEABADOOBEE
GBAHS2000776,COME OVER,RUDIMENTAL/ANNE-MARIE/TION
GBAHS2200049,KNOCK KNOCK,TION WAYNE & M24
TCAEW2040509,GOOSEBUMPS,TRAVIS SCOTT & HVME
GBARL2001511,ALL YOU EVER WANTED,RAG'N'BONE MAN
USUM71901873,NEVER REALLY OVER,KATY PERRY
TCADL1840525,THIS CITY,SAM FISCHER
GB28K1800015,FLAMES,DAVID GUETTA FT SIA
USAT22006865,FLY AWAY,TONES & I
USUM71900767,WISH YOU WERE GAY,BILLIE EILISH
USUG11901474,THE MAN,TAYLOR SWIFT
GBCEN2200051,STAY THE NIGHT,SIGALA & TALIA MAR
USUG11902591,BOYFRIEND,ARIANA GRANDE & SOCIAL HOUSE
USUG11800560,CALL OUT MY NAME,WEEKND
USRC12201442,VEGAS,DOJA CAT
GBAMB9500053,STEP INTO CHRISTMAS,ELTON JOHN
USSM12004502,GREECE,DJ KHALED FT DRAKE
USUG11800685,LUCID DREAMS,JUICE WRLD
USUG12001748,LAUGH NOW CRY LATER,DRAKE FT LIL DURK
GBAHT1901214,SAVAGE,MIST
USAT22221613,RUMBLE,SKRILLEX/FRED AGAIN/FLOWDAN
QMRSZ2100340,GANG GANG,KSI FT JAY1 & DENO
USH5V2224443,ALONE,BURNA BOY
USCA24600066,THE CHRISTMAS SONG,NAT KING COLE
GB2DY2300114,ENERGY,DIGGA D
USUG12300560,PRINCESS DIANA,ICE SPICE
GBUM72204538,HIDE & SEEK,STORMZY
USAT22105952,SMOKIN OUT THE WINDOW,SILK SONIC/BRUNO MARS/PAAK
USUG12103651,UNTIL I FOUND YOU,STEPHEN SANCHEZ
USUM71922072,JERRY SPRUNGER,TORY LANEZ & T-PAIN
USRC11802726,SUMMERTIME MAGIC,CHILDISH GAMBINO
USAT21704616,THE GREATEST SHOW,JACKMAN/SETTLE/EFRON/ZENDAYA
USSM12105973,OH MY GOD,ADELE
USUG12301601,SEARCH & RESCUE,DRAKE
QMRSZ2000871,HOUDINI,KSI FT SWARMZ & TION WAYNE
USAT22001354,BABY PLUTO,LIL UZI VERT
GBAHS1800321,GIRLS,RITA ORA/CARDI B/REXHA/CHARLI
QMRSZ1902347,DOWN LIKE THAT,KSI/RICK ROSS/LIL BABY/S-X
GBUM72200432,WAR,ARRDEE & AITCH
QMCE32100237,SOLID,YOUNG THUG/GUNNA/DRAKE
GBUM72100294,LATEST TRENDS,A1 & J1
USHM91642610,NEVERMIND,DENNIS LLOYD
GBAHT1900097,SWAN SONG,DUA LIPA
GBAHT1900624,SO HIGH,MIST FT FREDO
USAR18400008,GHOSTBUSTERS,RAY PARKER JR
GBAYE2101323,LET SOMEBODY GO,COLDPLAY & SELENA GOMEZ
GBUM72204076,HELLO MATE,ARRDEE FT KYLA
USUM72021500,THEREFORE I AM,BILLIE EILISH
GBUM72105353,COLD HEART,ELTON JOHN & DUA LIPA
USUM71907487,NIGHTMARE,HALSEY
QZD5H2000385,MISERABLE MAN,DAVID KUSHNER
GB1302100441,BODY,TION WAYNE & RUSS MILLIONS
USQX91803661,WHO DO YOU LOVE,CHAINSMOKERS FT 5 SECONDS OF
USQX91801533,THUNDERCLOUDS,LSD FT SIA/DIPLO/LABRINTH
USUG12205736,ANTI-HERO,TAYLOR SWIFT
GBUM71500527,RUNAWAY,AURORA
TCAFY2118876,FINGERS CROSSED,LAUREN SPENCER-SMITH
USRC12003059,ESSENCE,WIZKID FT TEMS
GBAHS1900729,ONE TOUCH,JESS GLYNNE & JAX JONES
UK4ZF1900052,SORRY,JOEL CORRY
USRC11803551,UNDECIDED,CHRIS BROWN
GBCEN1800173,BREATHE,CAMELPHAT/CRISTOPH/JEM COOKE
GB1102000148,SCORPION,FREDO
USUMV2103143,MOTH TO A FLAME,SWEDISH HOUSE MAFIA/WEEKND
USUG12104403,WAY 2 SEXY,DRAKE/YOUNG THUG/FUTURE
GBAHS2100318,BAD HABITS,ED SHEERAN
USUM72222388,PLAYERS,COI LERAY
GBSXS2011102,BLACK MAGIC,JONASU
GB2GX2100003,BRINGING IT BACK,DIGGA D & AJ TRACEY
USSM19400325,ALL I WANT FOR CHRISTMAS IS YOU,MARIAH CAREY
USATV2200290,LIGHT SWITCH,CHARLIE PUTH
ZZOPM2119413,STRAIGHT BACK TO IT,CENTRAL CEE
GBCEN2100229,MELODY,SIGALA
USRE11100705,HOLLY JOLLY CHRISTMAS,MICHAEL BUBLE
USUG12103658,WILDEST DREAMS (TAYLOR'S VERSION),TAYLOR SWIFT
USUM71900409,BREAK UP WITH YOUR GIRLFRIEND I'M BORED,ARIANA GRANDE
GBHMU2000041,BREAK UP SONG,LITTLE MIX
QMJMT1801610,ATM,J COLE
GBCEN1900052,TURN ME ON,RITON & OLIVER HELDENS FT VULA
DEUM72206981,HOW I'M FEELING NOW,LEWIS CAPALDI
GB1102102278,COME ON HOME FOR CHRISTMAS,GEORGE EZRA
GBKPL1778698,BRUISES,LEWIS CAPALDI
GBAYE2101058,JUST FOR ME,PINKPANTHERESS
GBAHT8703085,FAIRYTALE OF NEW YORK,POGUES FT KIRSTY MACCOLL
USUG12004699,WILLOW,TAYLOR SWIFT
GBUM72103423,SWEET TALKER,YEARS & YEARS/GALANTIS
USUM72200695,NUMB LITTLE BUG,EM BEIHOLD
NLM5S1800214,OCEAN,MARTIN GARRIX FT KHALID
GBUM71900522,ALL DAY AND NIGHT,JAX JONES/MARTIN SOLVEIG/BEER
QZTVM2205058,US AGAINST THE WORLD,STRANDZ
GBUM72202219,JE M'APPELLE,BENZZ
USUM71918727,LOSE YOU TO LOVE ME,SELENA GOMEZ
USMC17201006,SWEET CAROLINE,NEIL DIAMOND
USUMV1800305,TAKI TAKI,DJ SNAKE/GOMEZ/CARDI B/OZUNA
GBAHS1800662,1999,CHARLI XCX FT TROYE SIVAN
GBUM72102420,REMEMBER,BECKY HILL & DAVID GUETTA
GBMA21868469,GANGSTA,DARKOO & ONE ACEN
GBAYE2202560,BOY'S A LIAR,PINKPANTHERESS
UKWLG2200001,CRAZY WHAT LOVE CAN DO,DAVID GUETTA/HILL/HENDERSON
USMC14246497,WHITE CHRISTMAS,BING CROSBY
GBAHS2100680,VISITING HOURS,ED SHEERAN
USQX91902803,CITY OF ANGELS,24KGOLDN
USAT21811659,PLEASE ME,CARDI B & BRUNO MARS
USWB11902408,10000 HOURS,DAN & SHAY FT JUSTIN BIEBER
DEC691800534,EMPTY SPACE,JAMES ARTHUR
GBUM71900581,DISASTER,DAVE FT J HUS
USUM71808583,BREATHIN,ARIANA GRANDE
GBUM72206309,READY TO FLY,SUB FOCUS & DIMENSION
GBHMU1800168,THE POWER OF LOVE,DALTON HARRIS FT JAMES ARTHUR
GBAHT1600301,IDGAF,DUA LIPA
GBAYE2000842,LOOSE,S1MBA FT KSI
GBUM71808052,DON'T CALL ME UP,MABEL
GBUM71902007,STINKING RICH,MOSTACK FT DAVE & J HUS
UK6KW2000395,DON'T STOP ME EATIN',LADBABY
USAT21704621,NEVER ENOUGH,LOREN ALLRED
USUM72004306,SOUR CANDY,LADY GAGA & BLACKPINK
GB2DY2100363,WARM,K-TRAP
USAT21801270,BE CAREFUL,CARDI B
GBAHS1900645,VOSSI BOP,STORMZY
USUG12101044,WHAT'S NEXT,DRAKE
GBUM71906399,PEE PEE,M HUNCHO
GBUM72205030,HOLD ME CLOSER,ELTON JOHN & BRITNEY SPEARS
QZDA51839408,THOTIANA,BLUEFACE
USWB12000762,BELIEVE IT,PARTYNEXTDOOR & RIHANNA
USUG12001904,COME & GO,JUICE WRLD & MARSHMELLO
TCAFZ2293638,EAZY,GAME FT KANYE WEST
USUG12106685,SACRIFICE,WEEKND
GBUM72202558,NO EXCUSES,BRU-C
USUG12208783,SUPERHERO (HEROES & VILLAINS),METRO BOOMIN/FUTURE/BROWN
GBARL1800469,GERMAN,EO
USUG11901618,OUTNUMBERED,DERMOT KENNEDY
CYA112001102,HOT IN IT,TIESTO & CHARLI XCX
QMCE31801827,MURDER ON MY MIND,YNW MELLY
GBAYE2000999,COOL WITH ME,DUTCHAVELLI FT M1LLIONZ
QM4TX2001949,ON,BTS
USSM12209320,STAR WALKIN',LIL NAS X
GBUM71800362,FAMILIAR,LIAM PAYNE & J BALVIN
USUM72020441,POV,ARIANA GRANDE
KRE671700001,BABY SHARK,PINKFONG
GBAHS2100222,OUR SONG,ANNE-MARIE & NIALL HORAN
USRC12001480,GO CRAZY,CHRIS BROWN & YOUNG THUG
GBARL1702291,MAKE YOUR OWN KIND OF MUSIC,PALOMA FAITH
GBUM72107603,FLOWERS (SAY MY NAME),ARRDEE
ZZOPM2237319,DOJA,CENTRAL CEE
QMJMT1902056,MIDDLE CHILD,J COLE
GB2GX1900156,NO DIET,DIGGA D
USAT21704210,SANTA'S COMING FOR US,SIA
GBUM72102728,TALK ABOUT,RAIN RADIO/DJ CRAIG GORMAN
USA2P2251865,LIKE CRAZY,JIMIN
QMJMT1801760,APES**T,CARTERS
QM7282022872,DYNAMITE,BTS
QMCE32200039,PUSHIN P,GUNNA/FUTURE/YOUNG THUG
USUG12001124,GIANTS,DERMOT KENNEDY
USSM12206232,CUFF IT,BEYONCE
USUG12105423,ALREADY DEAD,JUICE WRLD
USRE10400888,AMERICAN IDIOT,GREEN DAY
GBAYE1800222,ANSWERPHONE,BANX & RANX/ELLA EYRE/BANE
USAT22203706,2 BE LOVED (AM I READY),LIZZO
SEUM71301326,WAKE ME UP,AVICII
GBUM72105218,GANGSTERITUS,POTTER PAYPER/TIGGS DA AUTHOR
GB2DY1900693,NO CELLULAR SITE,D-BLOCK EUROPE
GB1101900897,LOVE OF MY LIFE,REMEDEE FT NOT3S & YOUNG ADZ
USATV2003257,THE BUSINESS,TIESTO
GB1101900800,BOTH,HEADIE ONE
GBMA22056410,DESTINED FOR GREATNESS,TOBI & MANNY FT JANELLE
GBAHS2201130,CELESTIAL,ED SHEERAN
USAT22004479,TAKE YOU DANCING,JASON DERULO
DED160000096,MARY'S BOY CHILD/OH MY LORD,BONEY M
USUG12004700,CHAMPAGNE PROBLEMS,TAYLOR SWIFT
USRC11901588,DON'T CHECK ON ME,CHRIS BROWN/JUSTIN BIEBER/INK
GBARL2001151,PRINCESS CUTS,HEADIE ONE FT YOUNG T & BUGSEY
GBK3W2202316,OH CAROLINE,1975
GBAHS1901369,OWN IT,STORMZY/ED SHEERAN/BURNA BOY
USUM72017013,HOLY,JUSTIN BIEBER FT CHANCE
GBUM72104337,IN THE FIRE,DAVE
GBAYE7300088,I WISH IT COULD BE CHRISTMAS EVERYDAY,WIZZARD
GB2DY2000411,WE WON,D-BLOCK EUROPE
GBARL1701370,PRETTY SHINING PEOPLE,GEORGE EZRA
TCADE1707724,BEAUTIFUL,BAZZI FT CAMILA CABELLO
GB1102100074,READY,FREDO FT SUMMER WALKER
GB2DY2100832,MAKE YOU SMILE,D-BLOCK EUROPE FT AJ TRACEY
GBARL1801597,ALL I EVER WANTED,FREDO FT DAVE
USUG12002835,THE 1,TAYLOR SWIFT
USSM11901360,DON'T WORRY BOUT ME,ZARA LARSSON
USSM10018232,LET IT SNOW LET IT SNOW LET IT SNOW,FRANK SINATRA
USUM72204098,WHEN YOU'RE GONE,SHAWN MENDES
QM24S2103302,WASTING TIME,BRENT FAIYAZ FT DRAKE
GBUM72205880,I'LL BE WAITING,CIAN DUCROT
KSA012239180,CUPID,FIFTY FIFTY
USWB11701186,MEANT TO BE,BEBE REXHA FT FLORIDA GEORGIA
GBAHS2201540,VOICES,KSI FT OLIVER TREE
USCM51800136,BED,NICKI MINAJ FT ARIANA GRANDE
USUV72101303,GHOST,JUSTIN BIEBER
USUG12100638,MR PERFECTLY FINE (TAYLOR'S VERSION),TAYLOR SWIFT
GBF088400001,DO THEY KNOW IT'S CHRISTMAS,BAND AID
US39N2202101,ONE UP,CENTRAL CEE
GBUM71906405,CAN'T FIGHT THIS FEELING,BASTILLE
DEUM71906724,BREAKING ME,TOPIC FT A7S
USUM71804955,YOUTH,SHAWN MENDES FT KHALID
ZZOPM2002121,MAINS,SKEPTA/CHIP/YOUNG ADZ
GB1101901472,NETFLIX & CHILL,FREDO
USUM72105936,HAPPIER THAN EVER,BILLIE EILISH
GB1101300705,ONE MORE SLEEP,LEONA LEWIS
USUM71807761,GHOST TOWN,KANYE WEST
GB5KW1900082,BOASTY,WILEY/STEFFLON DON/SEAN PAUL
USUG11802208,POWER OVER ME,DERMOT KENNEDY
USUM71807679,YIKES,KANYE WEST
USUG11901470,YOU NEED TO CALM DOWN,TAYLOR SWIFT
GB1102000253,FAKE FRIENDS,PS1 FT ALEX HOSKING
USQX92301932,DOGTOOTH,TYLER THE CREATOR
USSM11904230,LALALA,Y2K & BBNOS
USUYG1226220,WHOA (MIND IN AWE),XXXTENTACION
AUUM72200172,HOW DO I SAY GOODBYE,DEAN LEWIS
KRA402000111,HOW YOU LIKE THAT,BLACKPINK
USSM11807711,NO STYLIST,FRENCH MONTANA FT DRAKE
UK8E21800706,CASTLES,FREYA RIDINGS
GB8KE2156402,BALLING,VIBE CHEMISTRY
USIR10400813,MOCKINGBIRD,EMINEM
GBAHS1901152,SOUNDS OF THE SKENG,STORMZY
USSM12000925,DEATH BED,POWFU FT BEABADOOBEE
USUM71805272,GIRLS LIKE YOU,MAROON 5 FT CARDI B
GBAYE0001406,SANTA BABY,KYLIE MINOGUE
USCM51900314,MONEY IN THE GRAVE,DRAKE FT RICK ROSS
USSM10705090,IT'S THE MOST WONDERFUL TIME OF THE YEAR,ANDY WILLIAMS
GBCEN1700257,LULLABY,SIGALA & PALOMA FAITH
ITB002100115,I WANNA BE YOUR SLAVE,MANESKIN
NL1TK1900001,ARCADE,DUNCAN LAURENCE
USCM51800191,NONSTOP,DRAKE
GBAHS1900716,TAKE ME BACK TO LONDON,ED SHEERAN FT STORMZY
GBUM72200712,RUN,BECKY HILL/GALANTIS
GBUM72201160,STARLIGHT,DAVE
GBUM72102422,MY HEART GOES (LA DI DA),BECKY HILL & TOPIC
GBUM72205420,I'M NOT HERE TO MAKE FRIENDS,SAM SMITH/CALVIN HARRIS/REYEZ
USUM71822236,IMAGINE,ARIANA GRANDE
USUG11802103,DON'T CRY,LIL WAYNE FT XXXTENTACION
NGA3B2214004,CALM DOWN,REMA
QM6MZ1886155,IDOL,BTS
USUM71907349,IF I CAN'T HAVE YOU,SHAWN MENDES
GBUM72101418,LAST TIME,BECKY HILL
UKQNW1800009,PSYCH OUT,AJ TRACEY
GBCNR8500002,RUNNING UP THAT HILL,KATE BUSH
USAT22103685,ABCDEFU,GAYLE
USUM72208965,DIE HARD,KENDRICK LAMAR/BLXST/AMANDA
USRC12100788,KISS ME MORE,DOJA CAT FT SZA
GBUM72300569,HOME FOR MY HEART,ARRDEE/CAT BURNS
QMKSC1800039,LEAVE ME ALONE,FLIPP DINERO
USZ4V2000222,LOOKING FOR ME,PAUL WOOLFORD & DIPLO/LOMAX
USQX92004148,PUT YOUR RECORDS ON,RITT MOMNEY
USUV71801467,BACK TO YOU,SELENA GOMEZ
KRA402300002,FLOWER,JISOO
QMFME2102684,PERMISSION TO DANCE,BTS
QZHN61957747,ROXANNE,ARIZONA ZERVAS
GBUM72102400,MERCURY,DAVE/KAMAL
GBAHS1900714,SOUTH OF THE BORDER,ED SHEERAN/CABELLO/CARDI B
GBAHT2000546,AIRPLANE MODE,NINES FT NSG
USUG12000586,AFTER HOURS,WEEKND
QMEU31910213,LOVE NWANTITI (AH AH AH),CKAY
GBARL2100623,BY YOUR SIDE,CALVIN HARRIS FT TOM GRENNAN
USSM11912588,ADORE YOU,HARRY STYLES
USRC11901584,NO GUIDANCE,CHRIS BROWN FT DRAKE
GB1102000937,HOLIDAY,LITTLE MIX
GBUM71906950,I'M READY,SAM SMITH & DEMI LOVATO
USAT22202139,ABOUT DAMN TIME,LIZZO
GBCPZ1916611,PUMP IT UP,ENDOR
USRC12002654,MIDNIGHT SKY,MILEY CYRUS
ITM381700091,BEGGIN,MANESKIN
USUM71911808,BALLIN',MUSTARD FT RODDY RICCH
USRE11100700,IT'S BEGINNING TO LOOK A LOT LIKE,MICHAEL BUBLE
USSM12204574,MADE YOU LOOK,MEGHAN TRAINOR
USUG11901025,COOL,JONAS BROTHERS
USWV22127497,WHAT ELSE CAN I DO,GUERRERO/BEATRIZ
GBARL1701373,PARADISE,GEORGE EZRA
USSM12209690,EDGING,BLINK 182
USAT21906943,KINGS & QUEENS,AVA MAX
USSM12203789,WAIT FOR U,FUTURE FT DRAKE & TEMS
USUG12101046,LEMON PEPPER FREESTYLE,DRAKE FT RICK ROSS
GBUM72104705,COLD HEART,ELTON JOHN & DUA LIPA
GB2DY2000583,FERRARI HORSES,D-BLOCK EUROPE/RAYE
QZMZ92106222,WASTED,DIGGA D FT ARRDEE
NZUM72100178,SOLAR POWER,LORDE
GBUM72005075,PARADISE,MEDUZA FT DERMOT KENNEDY
GBUM71905296,THUMB,M HUNCHO FT NAFE SMALLZ
QM6N22087511,COME OVER,JORJA SMITH FT POPCAAN
USUV72002854,DAISIES,KATY PERRY
GBBKS1000351,SOMEONE LIKE YOU,ADELE
GB2DY1900435,NOOKIE,D-BLOCK EUROPE FT LIL BABY
GBCEL2200516,BODY PAINT,ARCTIC MONKEYS
DEUM71806776,SOMEONE YOU LOVED,LEWIS CAPALDI
USUM71923046,YUMMY,JUSTIN BIEBER
GB2DY2100170,TOXIC,DIGGA D
CYA112001078,THE MOTTO,TIESTO & AVA MAX
USUG12002597,SMILE,JUICE WRLD & WEEKND
GBUM72004743,SEE NOBODY,WES NELSON & HARDY CAPRIO
QMJMT2103572,T R A N S P A R E N T S O U L,WILLOW FT TRAVIS BARKER
QM6MZ2004571,WHO'S THAT WHAT'S THAT,NIKO B
GBUM72103036,SEVENTEEN GOING UNDER,SAM FENDER
USAT22204901,LAST LAST,BURNA BOY
USRC12200322,SHE'S ALL I WANNA BE,TATE MCRAE
USUM71924264,HEATHER,CONAN GRAY
GBUM71807035,HELLO MY LOVE,WESTLIFE
GB2DY2000566,DESTINY,D-BLOCK EUROPE
USUM72208961,UNITED IN GRIEF,KENDRICK LAMAR
GB2DY2200729,4 THE WIN,D-BLOCK EUROPE
USUG12200313,CIGARETTES,JUICE WRLD
QMJMT2002693,MEET ME AT OUR SPOT,ANXIETY/WILLOW/TYLER COLE
GBARL1300107,ANOTHER LOVE,TOM ODELL
GBAHS2200288,WHAT WOULD YOU DO,JOEL CORRY/DAVID GUETTA/TILLER
USQX91901111,EARFQUAKE,TYLER THE CREATOR
USSM22201754,GHOST OF YOU,MIMI WEBB
GB1302000812,DELUDED,TION WAYNE FT MIST
QMRSZ2101877,LOSE,KSI & LIL WAYNE
GBUM71905524,BETTER OFF WITHOUT YOU,BECKY HILL FT SHIFT K3Y
USSM11914320,ROXANNE,ARIZONA ZERVAS
GBUM72300969,IF WE EVER BROKE UP,MAE STEPHENS
QM6MZ1960807,GREAZE MODE,SKEPTA & NAFE SMALLZ
USA2P2251867,SET ME FREE - PT 2,JIMIN
ZZOPM2220577,BIRTHDAY CAKE,DYLAN CONRIQUE
DEUM72204717,FORGET ME,LEWIS CAPALDI
GBUM71802936,RING RING,JAX JONES/MABEL/RICH THE KID
GBCUW1900128,ROVER,S1MBA FT DTG
GBAHS2100577,WID IT,TION WAYNE & ARRDEE
QMRSZ1800283,FREAKY FRIDAY,LIL DICKY FT CHRIS BROWN
USMO17082641,SANTA CLAUS IS COMING TO TOWN,MICHAEL JACKSON & JACKSON FIVE
USC4R1902750,MARY ON A CROSS,GHOST
USAT22100910,LEAVE THE DOOR OPEN,SILK SONIC/BRUNO MARS/PAAK
USUM72302708,RED RUBY DA SLEEZE,NICKI MINAJ
GBARL1901421,EI8HT MILE,DIGDAT FT AITCH
GBAHT1900290,FASHION WEEK,STEEL BANGLEZ/TRACEY/MOSTACK
US39N2203950,LET GO,CENTRAL CEE
GB28K1800112,DON'T LEAVE ME ALONE,DAVID GUETTA FT ANNE-MARIE
GBAYE1900584,MOCKING IT,JAY1
USUV72008077,SHOW OUT,KID CUDI/SKEPTA/POP SMOKE
USAT22000162,WHATS POPPIN,JACK HARLOW
GBKPL1975842,WHERE WE'RE GOING,GERRY CINNAMON
GBAHT2200803,BIG CITY LIFE,LUUDE & MATTAFIX
USAT22004033,EGO DEATH,TY DOLLA SIGN/KANYE/FKA TWIGS
USSM12108553,I'LL BE HOME FOR CHRISTMAS,CAMILA CABELLO
GBARL2001640,ANYWHERE AWAY FROM HERE,RAG'N'BONE MAN & PINK
GB23J1700013,OH MY,DAPPY FT AY EM
BEHP42100067,WHERE ARE YOU NOW,LOST FREQUENCIES/CALUM SCOTT
GBUM72101848,NICE TO MEET YA,WES NELSON FT YXNG BANE
QZVBE2200009,HOTEL,MONTELL FISH
USQX92102562,WUSYANAME,TYLER THE CREATOR/YOUNGBOY/TY
USRC11900407,MY BAD,KHALID
GBAAA9301138,I'D DO ANYTHING FOR LOVE (BUT I WON'T DO,MEAT LOAF
GBARL2000408,TIMES LIKE THESE (BBC RADIO 1 STAY HOME),LIVE LOUNGE ALLSTARS
UK6KW1900364,I LOVE SAUSAGE ROLLS,LADBABY
GBAHS2000028,BIRTHDAY,ANNE-MARIE
QMJMT1801607,KOD,J COLE
USCM51800199,EMOTIONLESS,DRAKE
GBCEN1900047,RIDE IT,REGARD
GB1102001316,808,BEATFREAKZ/DUTCH/DIGDAT/YOUNG
GBUM72203157,MY G,AITCH & ED SHEERAN
GB1302001142,BLACK HOLE,GRIFF
DEUM71807719,PIECE OF YOUR HEART,MEDUZA FT GOODBOYS
GBAYE2101762,SPACE MAN,SAM RYDER
USUM71914275,DIOR,POP SMOKE
GBARL1901254,MUST BE,J HUS
USUM72104675,OXYTOCIN,BILLIE EILISH
GBMMW2100374,BORIS JOHNSON IS STILL A F**KING C**T,K**TS
USRC11902743,UNDER THE INFLUENCE,CHRIS BROWN
GBUM72005084,I MISS U,JAX JONES FT AU/RA
USUM71922597,SUPALONELY,BENEE FT GUS DAPPERTON
USUM72013019,MY FUTURE,BILLIE EILISH
USWB10400046,DREAMS,FLEETWOOD MAC
UKJM21900002,M.E.N. II,BUGZY MALONE
USUG12208598,RICH FLEX,DRAKE & 21 SAVAGE
QZJ842000370,LEMONADE,INTERNET MONEY/GUNNA/TOLIVER
GBARL1901395,NO DENYING,J HUS
USUM72002771,NO TIME TO DIE,BILLIE EILISH
USUM71808574,GOD IS A WOMAN,ARIANA GRANDE
QZNWX2052401,BORIS JOHNSON IS A F**KING C**T,K**TS
KRA402000131,ICE CREAM,BLACKPINK & SELENA GOMEZ
GBAYE2000847,BANDO DIARIES,DUTCHAVELLI
UKSQM1900020,PART OF THE PLAN,NAFE SMALLZ FT M HUNCHO
QM4TX2039607,PAPI CHULO,OCTAVIAN & SKEPTA
GBUM72005791,STRAIGHT MURDER (GIGGS & DAVID),GIGGS FT DAVE
USUG12000979,RIGHTEOUS,JUICE WRLD
QMEU31821955,MAMA,6IX9INE/NICKI MINAJ/KANYE WEST
GB1102100139,DON'T YOU WORRY ABOUT ME,BAD BOY CHILLER CREW
USUM72208034,LEMON TREE,POST MALONE
AUUM71800255,BE ALRIGHT,DEAN LEWIS
USRV82202035,TRUSTFALL,PINK
GBLFP2047391,HOLD,CHUNKZ & YUNG FILLY
GBAHS2100307,WOW,TION WAYNE
USUG11900303,ROBBERY,JUICE WRLD
USRC11703503,SAY SOMETHING,JUSTIN TIMBERLAKE FT STAPLETON
USSM12101091,HEADSHOT,LIL TJAY/POLO G/FIVIO FOREIGN
GBUM71902944,HATE ME,ELLIE GOULDING & JUICE WRLD
USAT21704212,SNOWMAN,SIA
QMEU31821969,KIKA,6IX9INE FT TORY LANEZ
GBUM71904957,WHITE CHRISTMAS,BING CROSBY
USUM72105929,LOST CAUSE,BILLIE EILISH
QM4TW2344028,CALL ME WHAT YOU LIKE,LOVEJOY
USAT22007121,MY HEAD & MY HEART,AVA MAX
QZMEM2209263,HERE WITH ME,D4VD
USRC12004189,GOOD DAYS,SZA
USSM12106436,24/5,MIMI WEBB
USCM51900317,MEGATRON,NICKI MINAJ
USRC11800930,PRAISE THE LORD (DA SHINE),ASAP ROCKY FT SKEPTA
USUM71900396,NEEDY,ARIANA GRANDE
USSM11806283,NO BRAINER,DJ KHALED/BIEBER/QUAVO/CHANCE
USUG12207965,IN MY HEAD,JUICE WRLD
GBUM72107771,FLOWERS (SAY MY NAME),ARRDEE
GBUM72201012,COME & GO,ARRDEE
GBK3W1800737,GIVE YOURSELF A TRY,1975
GBARL1900666,STRIKE A POSE,YOUNG T & BUGSEY FT AITCH
CYA111900146,RITUAL,TIESTO/JONAS BLUE/RITA ORA
